year,sex,age,mu
2025,F,0,0.020000564484452577
2025,F,1,0.001845462232192209
2025,F,2,0.001845462232192209
2025,F,3,0.001845462232192209
2025,F,4,0.001845462232192209
2025,F,5,4.0357691206334293e-4
2025,F,6,4.0357691206334293e-4
2025,F,7,4.0357691206334293e-4
2025,F,8,4.0357691206334293e-4
2025,F,9,4.0357691206334293e-4
2025,F,10,4.5508736879535365e-4
2025,F,11,4.5508736879535365e-4
2025,F,12,4.5508736879535365e-4
2025,F,13,4.5508736879535365e-4
2025,F,14,4.5508736879535365e-4
2025,F,15,0.001013487560532558
2025,F,16,0.001013487560532558
2025,F,17,0.001013487560532558
2025,F,18,0.001013487560532558
2025,F,19,0.001013487560532558
2025,F,20,0.001722282401038036
2025,F,21,0.001722282401038036
2025,F,22,0.001722282401038036
2025,F,23,0.001722282401038036
2025,F,24,0.001722282401038036
2025,F,25,0.0028600607362642685
2025,F,26,0.0028600607362642685
2025,F,27,0.0028600607362642685
2025,F,28,0.0028600607362642685
2025,F,29,0.0028600607362642685
2025,F,30,0.004070996843436094
2025,F,31,0.004070996843436094
2025,F,32,0.004070996843436094
2025,F,33,0.004070996843436094
2025,F,34,0.004070996843436094
2025,F,35,0.005246695672907085
2025,F,36,0.005246695672907085
2025,F,37,0.005246695672907085
2025,F,38,0.005246695672907085
2025,F,39,0.005246695672907085
2025,F,40,0.006628530011840078
2025,F,41,0.006628530011840078
2025,F,42,0.006628530011840078
2025,F,43,0.006628530011840078
2025,F,44,0.006628530011840078
2025,F,45,0.007919161818593649
2025,F,46,0.007919161818593649
2025,F,47,0.007919161818593649
2025,F,48,0.007919161818593649
2025,F,49,0.007919161818593649
2025,F,50,0.009869885405550893
2025,F,51,0.009869885405550893
2025,F,52,0.009869885405550893
2025,F,53,0.009869885405550893
2025,F,54,0.009869885405550893
2025,F,55,0.01335686314282498
2025,F,56,0.01335686314282498
2025,F,57,0.01335686314282498
2025,F,58,0.01335686314282498
2025,F,59,0.01335686314282498
2025,F,60,0.017999252739714398
2025,F,61,0.017999252739714398
2025,F,62,0.017999252739714398
2025,F,63,0.017999252739714398
2025,F,64,0.017999252739714398
2025,F,65,0.02603415886744944
2025,F,66,0.02603415886744944
2025,F,67,0.02603415886744944
2025,F,68,0.02603415886744944
2025,F,69,0.02603415886744944
2025,F,70,0.036928650769600994
2025,F,71,0.036928650769600994
2025,F,72,0.036928650769600994
2025,F,73,0.036928650769600994
2025,F,74,0.036928650769600994
2025,F,75,0.05412494788834145
2025,F,76,0.05412494788834145
2025,F,77,0.05412494788834145
2025,F,78,0.05412494788834145
2025,F,79,0.05412494788834145
2025,F,80,0.07476377294588235
2025,F,81,0.07476377294588235
2025,F,82,0.07476377294588235
2025,F,83,0.07476377294588235
2025,F,84,0.07476377294588235
2025,F,85,0.1095594663656417
2025,F,86,0.1095594663656417
2025,F,87,0.1095594663656417
2025,F,88,0.1095594663656417
2025,F,89,0.1095594663656417
2025,F,90,0.15847758538603732
2025,F,91,0.15847758538603732
2025,F,92,0.15847758538603732
2025,F,93,0.15847758538603732
2025,F,94,0.15847758538603732
2025,F,95,0.22707237982242953
2025,F,96,0.22707237982242953
2025,F,97,0.22707237982242953
2025,F,98,0.22707237982242953
2025,F,99,0.22707237982242953
2025,F,100,0.22707237982242953
2025,M,0,0.025175007924293568
2025,M,1,0.0023338473670961074
2025,M,2,0.0023338473670961074
2025,M,3,0.0023338473670961074
2025,M,4,0.0023338473670961074
2025,M,5,5.885671794099328e-4
2025,M,6,5.885671794099328e-4
2025,M,7,5.885671794099328e-4
2025,M,8,5.885671794099328e-4
2025,M,9,5.885671794099328e-4
2025,M,10,6.465338900239574e-4
2025,M,11,6.465338900239574e-4
2025,M,12,6.465338900239574e-4
2025,M,13,6.465338900239574e-4
2025,M,14,6.465338900239574e-4
2025,M,15,0.0015384196960658166
2025,M,16,0.0015384196960658166
2025,M,17,0.0015384196960658166
2025,M,18,0.0015384196960658166
2025,M,19,0.0015384196960658166
2025,M,20,0.002970653123691766
2025,M,21,0.002970653123691766
2025,M,22,0.002970653123691766
2025,M,23,0.002970653123691766
2025,M,24,0.002970653123691766
2025,M,25,0.004467887495991635
2025,M,26,0.004467887495991635
2025,M,27,0.004467887495991635
2025,M,28,0.004467887495991635
2025,M,29,0.004467887495991635
2025,M,30,0.005905186356356781
2025,M,31,0.005905186356356781
2025,M,32,0.005905186356356781
2025,M,33,0.005905186356356781
2025,M,34,0.005905186356356781
2025,M,35,0.007546905215320232
2025,M,36,0.007546905215320232
2025,M,37,0.007546905215320232
2025,M,38,0.007546905215320232
2025,M,39,0.007546905215320232
2025,M,40,0.009715789995344018
2025,M,41,0.009715789995344018
2025,M,42,0.009715789995344018
2025,M,43,0.009715789995344018
2025,M,44,0.009715789995344018
2025,M,45,0.012992447511872698
2025,M,46,0.012992447511872698
2025,M,47,0.012992447511872698
2025,M,48,0.012992447511872698
2025,M,49,0.012992447511872698
2025,M,50,0.017521660113522092
2025,M,51,0.017521660113522092
2025,M,52,0.017521660113522092
2025,M,53,0.017521660113522092
2025,M,54,0.017521660113522092
2025,M,55,0.02378399509551815
2025,M,56,0.02378399509551815
2025,M,57,0.02378399509551815
2025,M,58,0.02378399509551815
2025,M,59,0.02378399509551815
2025,M,60,0.031990912295651645
2025,M,61,0.031990912295651645
2025,M,62,0.031990912295651645
2025,M,63,0.031990912295651645
2025,M,64,0.031990912295651645
2025,M,65,0.043765931410109184
2025,M,66,0.043765931410109184
2025,M,67,0.043765931410109184
2025,M,68,0.043765931410109184
2025,M,69,0.043765931410109184
2025,M,70,0.05714904054577578
2025,M,71,0.05714904054577578
2025,M,72,0.05714904054577578
2025,M,73,0.05714904054577578
2025,M,74,0.05714904054577578
2025,M,75,0.07676610550213014
2025,M,76,0.07676610550213014
2025,M,77,0.07676610550213014
2025,M,78,0.07676610550213014
2025,M,79,0.07676610550213014
2025,M,80,0.09522086574545653
2025,M,81,0.09522086574545653
2025,M,82,0.09522086574545653
2025,M,83,0.09522086574545653
2025,M,84,0.09522086574545653
2025,M,85,0.12943044291153433
2025,M,86,0.12943044291153433
2025,M,87,0.12943044291153433
2025,M,88,0.12943044291153433
2025,M,89,0.12943044291153433
2025,M,90,0.17063439988193793
2025,M,91,0.17063439988193793
2025,M,92,0.17063439988193793
2025,M,93,0.17063439988193793
2025,M,94,0.17063439988193793
2025,M,95,0.22425087131259822
2025,M,96,0.22425087131259822
2025,M,97,0.22425087131259822
2025,M,98,0.22425087131259822
2025,M,99,0.22425087131259822
2025,M,100,0.22425087131259822
2026,F,0,0.01953235042426432
2026,F,1,0.001802210342968977
2026,F,2,0.001802210342968977
2026,F,3,0.001802210342968977
2026,F,4,0.001802210342968977
2026,F,5,3.9423830441898626e-4
2026,F,6,3.9423830441898626e-4
2026,F,7,3.9423830441898626e-4
2026,F,8,3.9423830441898626e-4
2026,F,9,3.9423830441898626e-4
2026,F,10,4.447501403688632e-4
2026,F,11,4.447501403688632e-4
2026,F,12,4.447501403688632e-4
2026,F,13,4.447501403688632e-4
2026,F,14,4.447501403688632e-4
2026,F,15,9.909328203013957e-4
2026,F,16,9.909328203013957e-4
2026,F,17,9.909328203013957e-4
2026,F,18,9.909328203013957e-4
2026,F,19,9.909328203013957e-4
2026,F,20,0.001685197830506889
2026,F,21,0.001685197830506889
2026,F,22,0.001685197830506889
2026,F,23,0.001685197830506889
2026,F,24,0.001685197830506889
2026,F,25,0.0028020270435855188
2026,F,26,0.0028020270435855188
2026,F,27,0.0028020270435855188
2026,F,28,0.0028020270435855188
2026,F,29,0.0028020270435855188
2026,F,30,0.003995746480354718
2026,F,31,0.003995746480354718
2026,F,32,0.003995746480354718
2026,F,33,0.003995746480354718
2026,F,34,0.003995746480354718
2026,F,35,0.0051618011050258055
2026,F,36,0.0051618011050258055
2026,F,37,0.0051618011050258055
2026,F,38,0.0051618011050258055
2026,F,39,0.0051618011050258055
2026,F,40,0.006537808446971649
2026,F,41,0.006537808446971649
2026,F,42,0.006537808446971649
2026,F,43,0.006537808446971649
2026,F,44,0.006537808446971649
2026,F,45,0.007829770667051967
2026,F,46,0.007829770667051967
2026,F,47,0.007829770667051967
2026,F,48,0.007829770667051967
2026,F,49,0.007829770667051967
2026,F,50,0.009779162550009364
2026,F,51,0.009779162550009364
2026,F,52,0.009779162550009364
2026,F,53,0.009779162550009364
2026,F,54,0.009779162550009364
2026,F,55,0.01325589621251189
2026,F,56,0.01325589621251189
2026,F,57,0.01325589621251189
2026,F,58,0.01325589621251189
2026,F,59,0.01325589621251189
2026,F,60,0.01788468217573521
2026,F,61,0.01788468217573521
2026,F,62,0.01788468217573521
2026,F,63,0.01788468217573521
2026,F,64,0.01788468217573521
2026,F,65,0.025890955237078343
2026,F,66,0.025890955237078343
2026,F,67,0.025890955237078343
2026,F,68,0.025890955237078343
2026,F,69,0.025890955237078343
2026,F,70,0.036751241082064214
2026,F,71,0.036751241082064214
2026,F,72,0.036751241082064214
2026,F,73,0.036751241082064214
2026,F,74,0.036751241082064214
2026,F,75,0.053899874181240245
2026,F,76,0.053899874181240245
2026,F,77,0.053899874181240245
2026,F,78,0.053899874181240245
2026,F,79,0.053899874181240245
2026,F,80,0.07450039231938287
2026,F,81,0.07450039231938287
2026,F,82,0.07450039231938287
2026,F,83,0.07450039231938287
2026,F,84,0.07450039231938287
2026,F,85,0.109240462929771
2026,F,86,0.109240462929771
2026,F,87,0.109240462929771
2026,F,88,0.109240462929771
2026,F,89,0.109240462929771
2026,F,90,0.1581055199663917
2026,F,91,0.1581055199663917
2026,F,92,0.1581055199663917
2026,F,93,0.1581055199663917
2026,F,94,0.1581055199663917
2026,F,95,0.22668262684850687
2026,F,96,0.22668262684850687
2026,F,97,0.22668262684850687
2026,F,98,0.22668262684850687
2026,F,99,0.22668262684850687
2026,F,100,0.22668262684850687
2026,M,0,0.024711694272425613
2026,M,1,0.0022907884395921983
2026,M,2,0.0022907884395921983
2026,M,3,0.0022907884395921983
2026,M,4,0.0022907884395921983
2026,M,5,5.778499730996233e-4
2026,M,6,5.778499730996233e-4
2026,M,7,5.778499730996233e-4
2026,M,8,5.778499730996233e-4
2026,M,9,5.778499730996233e-4
2026,M,10,6.349849487688317e-4
2026,M,11,6.349849487688317e-4
2026,M,12,6.349849487688317e-4
2026,M,13,6.349849487688317e-4
2026,M,14,6.349849487688317e-4
2026,M,15,0.0015115334713546437
2026,M,16,0.0015115334713546437
2026,M,17,0.0015115334713546437
2026,M,18,0.0015115334713546437
2026,M,19,0.0015115334713546437
2026,M,20,0.0029204917679226073
2026,M,21,0.0029204917679226073
2026,M,22,0.0029204917679226073
2026,M,23,0.0029204917679226073
2026,M,24,0.0029204917679226073
2026,M,25,0.004396928191487645
2026,M,26,0.004396928191487645
2026,M,27,0.004396928191487645
2026,M,28,0.004396928191487645
2026,M,29,0.004396928191487645
2026,M,30,0.005820244549402201
2026,M,31,0.005820244549402201
2026,M,32,0.005820244549402201
2026,M,33,0.005820244549402201
2026,M,34,0.005820244549402201
2026,M,35,0.007452627371328999
2026,M,36,0.007452627371328999
2026,M,37,0.007452627371328999
2026,M,38,0.007452627371328999
2026,M,39,0.007452627371328999
2026,M,40,0.009614442791474965
2026,M,41,0.009614442791474965
2026,M,42,0.009614442791474965
2026,M,43,0.009614442791474965
2026,M,44,0.009614442791474965
2026,M,45,0.012882596470245542
2026,M,46,0.012882596470245542
2026,M,47,0.012882596470245542
2026,M,48,0.012882596470245542
2026,M,49,0.012882596470245542
2026,M,50,0.01740336558271539
2026,M,51,0.01740336558271539
2026,M,52,0.01740336558271539
2026,M,53,0.01740336558271539
2026,M,54,0.01740336558271539
2026,M,55,0.023655187922716526
2026,M,56,0.023655187922716526
2026,M,57,0.023655187922716526
2026,M,58,0.023655187922716526
2026,M,59,0.023655187922716526
2026,M,60,0.0318489367860476
2026,M,61,0.0318489367860476
2026,M,62,0.0318489367860476
2026,M,63,0.0318489367860476
2026,M,64,0.0318489367860476
2026,M,65,0.043602584605129294
2026,M,66,0.043602584605129294
2026,M,67,0.043602584605129294
2026,M,68,0.043602584605129294
2026,M,69,0.043602584605129294
2026,M,70,0.056968397861735166
2026,M,71,0.056968397861735166
2026,M,72,0.056968397861735166
2026,M,73,0.056968397861735166
2026,M,74,0.056968397861735166
2026,M,75,0.07656397555602121
2026,M,76,0.07656397555602121
2026,M,77,0.07656397555602121
2026,M,78,0.07656397555602121
2026,M,79,0.07656397555602121
2026,M,80,0.09501985239168362
2026,M,81,0.09501985239168362
2026,M,82,0.09501985239168362
2026,M,83,0.09501985239168362
2026,M,84,0.09501985239168362
2026,M,85,0.12922224033866805
2026,M,86,0.12922224033866805
2026,M,87,0.12922224033866805
2026,M,88,0.12922224033866805
2026,M,89,0.12922224033866805
2026,M,90,0.1704389789288296
2026,M,91,0.1704389789288296
2026,M,92,0.1704389789288296
2026,M,93,0.1704389789288296
2026,M,94,0.1704389789288296
2026,M,95,0.22411093841062796
2026,M,96,0.22411093841062796
2026,M,97,0.22411093841062796
2026,M,98,0.22411093841062796
2026,M,99,0.22411093841062796
2026,M,100,0.22411093841062796
2027,F,0,0.019051115551882478
2027,F,1,0.0017577700536654658
2027,F,2,0.0017577700536654658
2027,F,3,0.0017577700536654658
2027,F,4,0.0017577700536654658
2027,F,5,3.8464363982015893e-4
2027,F,6,3.8464363982015893e-4
2027,F,7,3.8464363982015893e-4
2027,F,8,3.8464363982015893e-4
2027,F,9,3.8464363982015893e-4
2027,F,10,4.341308332172344e-4
2027,F,11,4.341308332172344e-4
2027,F,12,4.341308332172344e-4
2027,F,13,4.341308332172344e-4
2027,F,14,4.341308332172344e-4
2027,F,15,9.677736926848767e-4
2027,F,16,9.677736926848767e-4
2027,F,17,9.677736926848767e-4
2027,F,18,9.677736926848767e-4
2027,F,19,9.677736926848767e-4
2027,F,20,0.0016471380779318734
2027,F,21,0.0016471380779318734
2027,F,22,0.0016471380779318734
2027,F,23,0.0016471380779318734
2027,F,24,0.0016471380779318734
2027,F,25,0.0027425340769550908
2027,F,26,0.0027425340769550908
2027,F,27,0.0027425340769550908
2027,F,28,0.0027425340769550908
2027,F,29,0.0027425340769550908
2027,F,30,0.003918780576127235
2027,F,31,0.003918780576127235
2027,F,32,0.003918780576127235
2027,F,33,0.003918780576127235
2027,F,34,0.003918780576127235
2027,F,35,0.005075336302434763
2027,F,36,0.005075336302434763
2027,F,37,0.005075336302434763
2027,F,38,0.005075336302434763
2027,F,39,0.005075336302434763
2027,F,40,0.006446076667688989
2027,F,41,0.006446076667688989
2027,F,42,0.006446076667688989
2027,F,43,0.006446076667688989
2027,F,44,0.006446076667688989
2027,F,45,0.007740394504494043
2027,F,46,0.007740394504494043
2027,F,47,0.007740394504494043
2027,F,48,0.007740394504494043
2027,F,49,0.007740394504494043
2027,F,50,0.009689889444008917
2027,F,51,0.009689889444008917
2027,F,52,0.009689889444008917
2027,F,53,0.009689889444008917
2027,F,54,0.009689889444008917
2027,F,55,0.013158496069847186
2027,F,56,0.013158496069847186
2027,F,57,0.013158496069847186
2027,F,58,0.013158496069847186
2027,F,59,0.013158496069847186
2027,F,60,0.01777657087684698
2027,F,61,0.01777657087684698
2027,F,62,0.01777657087684698
2027,F,63,0.01777657087684698
2027,F,64,0.01777657087684698
2027,F,65,0.02575888026659361
2027,F,66,0.02575888026659361
2027,F,67,0.02575888026659361
2027,F,68,0.02575888026659361
2027,F,69,0.02575888026659361
2027,F,70,0.03659170632387029
2027,F,71,0.03659170632387029
2027,F,72,0.03659170632387029
2027,F,73,0.03659170632387029
2027,F,74,0.03659170632387029
2027,F,75,0.05370389599991412
2027,F,76,0.05370389599991412
2027,F,77,0.05370389599991412
2027,F,78,0.05370389599991412
2027,F,79,0.05370389599991412
2027,F,80,0.07428122626489311
2027,F,81,0.07428122626489311
2027,F,82,0.07428122626489311
2027,F,83,0.07428122626489311
2027,F,84,0.07428122626489311
2027,F,85,0.1089920819070361
2027,F,86,0.1089920819070361
2027,F,87,0.1089920819070361
2027,F,88,0.1089920819070361
2027,F,89,0.1089920819070361
2027,F,90,0.15784369278602428
2027,F,91,0.15784369278602428
2027,F,92,0.15784369278602428
2027,F,93,0.15784369278602428
2027,F,94,0.15784369278602428
2027,F,95,0.2264643896822796
2027,F,96,0.2264643896822796
2027,F,97,0.2264643896822796
2027,F,98,0.2264643896822796
2027,F,99,0.2264643896822796
2027,F,100,0.2264643896822796
2027,M,0,0.024249394326099096
2027,M,1,0.0022478226947873063
2027,M,2,0.0022478226947873063
2027,M,3,0.0022478226947873063
2027,M,4,0.0022478226947873063
2027,M,5,5.671513921663514e-4
2027,M,6,5.671513921663514e-4
2027,M,7,5.671513921663514e-4
2027,M,8,5.671513921663514e-4
2027,M,9,5.671513921663514e-4
2027,M,10,6.234487118303375e-4
2027,M,11,6.234487118303375e-4
2027,M,12,6.234487118303375e-4
2027,M,13,6.234487118303375e-4
2027,M,14,6.234487118303375e-4
2027,M,15,0.001484656905208384
2027,M,16,0.001484656905208384
2027,M,17,0.001484656905208384
2027,M,18,0.001484656905208384
2027,M,19,0.001484656905208384
2027,M,20,0.0028702841514143666
2027,M,21,0.0028702841514143666
2027,M,22,0.0028702841514143666
2027,M,23,0.0028702841514143666
2027,M,24,0.0028702841514143666
2027,M,25,0.004325750850305679
2027,M,26,0.004325750850305679
2027,M,27,0.004325750850305679
2027,M,28,0.004325750850305679
2027,M,29,0.004325750850305679
2027,M,30,0.005734741930315659
2027,M,31,0.005734741930315659
2027,M,32,0.005734741930315659
2027,M,33,0.005734741930315659
2027,M,34,0.005734741930315659
2027,M,35,0.007357246501498138
2027,M,36,0.007357246501498138
2027,M,37,0.007357246501498138
2027,M,38,0.007357246501498138
2027,M,39,0.007357246501498138
2027,M,40,0.009511202609464014
2027,M,41,0.009511202609464014
2027,M,42,0.009511202609464014
2027,M,43,0.009511202609464014
2027,M,44,0.009511202609464014
2027,M,45,0.012769710244313495
2027,M,46,0.012769710244313495
2027,M,47,0.012769710244313495
2027,M,48,0.012769710244313495
2027,M,49,0.012769710244313495
2027,M,50,0.017280505202674303
2027,M,51,0.017280505202674303
2027,M,52,0.017280505202674303
2027,M,53,0.017280505202674303
2027,M,54,0.017280505202674303
2027,M,55,0.02351977552290333
2027,M,56,0.02351977552290333
2027,M,57,0.02351977552290333
2027,M,58,0.02351977552290333
2027,M,59,0.02351977552290333
2027,M,60,0.03169774176344605
2027,M,61,0.03169774176344605
2027,M,62,0.03169774176344605
2027,M,63,0.03169774176344605
2027,M,64,0.03169774176344605
2027,M,65,0.04342635416668807
2027,M,66,0.04342635416668807
2027,M,67,0.04342635416668807
2027,M,68,0.04342635416668807
2027,M,69,0.04342635416668807
2027,M,70,0.05677067957118368
2027,M,71,0.05677067957118368
2027,M,72,0.05677067957118368
2027,M,73,0.05677067957118368
2027,M,74,0.05677067957118368
2027,M,75,0.0763386384799705
2027,M,76,0.0763386384799705
2027,M,77,0.0763386384799705
2027,M,78,0.0763386384799705
2027,M,79,0.0763386384799705
2027,M,80,0.09478977148681725
2027,M,81,0.09478977148681725
2027,M,82,0.09478977148681725
2027,M,83,0.09478977148681725
2027,M,84,0.09478977148681725
2027,M,85,0.1289741915919338
2027,M,86,0.1289741915919338
2027,M,87,0.1289741915919338
2027,M,88,0.1289741915919338
2027,M,89,0.1289741915919338
2027,M,90,0.1701906513095995
2027,M,91,0.1701906513095995
2027,M,92,0.1701906513095995
2027,M,93,0.1701906513095995
2027,M,94,0.1701906513095995
2027,M,95,0.22390094676001512
2027,M,96,0.22390094676001512
2027,M,97,0.22390094676001512
2027,M,98,0.22390094676001512
2027,M,99,0.22390094676001512
2027,M,100,0.22390094676001512
2028,F,0,0.018584252416378986
2028,F,1,0.0017146617093299385
2028,F,2,0.0017146617093299385
2028,F,3,0.0017146617093299385
2028,F,4,0.0017146617093299385
2028,F,5,3.753339687594376e-4
2028,F,6,3.753339687594376e-4
2028,F,7,3.753339687594376e-4
2028,F,8,3.753339687594376e-4
2028,F,9,3.753339687594376e-4
2028,F,10,4.2382475150734317e-4
2028,F,11,4.2382475150734317e-4
2028,F,12,4.2382475150734317e-4
2028,F,13,4.2382475150734317e-4
2028,F,14,4.2382475150734317e-4
2028,F,15,9.45284391143548e-4
2028,F,16,9.45284391143548e-4
2028,F,17,9.45284391143548e-4
2028,F,18,9.45284391143548e-4
2028,F,19,9.45284391143548e-4
2028,F,20,0.0016101581644423987
2028,F,21,0.0016101581644423987
2028,F,22,0.0016101581644423987
2028,F,23,0.0016101581644423987
2028,F,24,0.0016101581644423987
2028,F,25,0.0026846743367107554
2028,F,26,0.0026846743367107554
2028,F,27,0.0026846743367107554
2028,F,28,0.0026846743367107554
2028,F,29,0.0026846743367107554
2028,F,30,0.0038438259927726912
2028,F,31,0.0038438259927726912
2028,F,32,0.0038438259927726912
2028,F,33,0.0038438259927726912
2028,F,34,0.0038438259927726912
2028,F,35,0.004991006553907001
2028,F,36,0.004991006553907001
2028,F,37,0.004991006553907001
2028,F,38,0.004991006553907001
2028,F,39,0.004991006553907001
2028,F,40,0.006356507261286696
2028,F,41,0.006356507261286696
2028,F,42,0.006356507261286696
2028,F,43,0.006356507261286696
2028,F,44,0.006356507261286696
2028,F,45,0.007653090551961683
2028,F,46,0.007653090551961683
2028,F,47,0.007653090551961683
2028,F,48,0.007653090551961683
2028,F,49,0.007653090551961683
2028,F,50,0.009602752429499902
2028,F,51,0.009602752429499902
2028,F,52,0.009602752429499902
2028,F,53,0.009602752429499902
2028,F,54,0.009602752429499902
2028,F,55,0.013063609244330115
2028,F,56,0.013063609244330115
2028,F,57,0.013063609244330115
2028,F,58,0.013063609244330115
2028,F,59,0.013063609244330115
2028,F,60,0.017671543853085267
2028,F,61,0.017671543853085267
2028,F,62,0.017671543853085267
2028,F,63,0.017671543853085267
2028,F,64,0.017671543853085267
2028,F,65,0.025631000554625867
2028,F,66,0.025631000554625867
2028,F,67,0.025631000554625867
2028,F,68,0.025631000554625867
2028,F,69,0.025631000554625867
2028,F,70,0.036437870706638176
2028,F,71,0.036437870706638176
2028,F,72,0.036437870706638176
2028,F,73,0.036437870706638176
2028,F,74,0.036437870706638176
2028,F,75,0.05351598427797446
2028,F,76,0.05351598427797446
2028,F,77,0.05351598427797446
2028,F,78,0.05351598427797446
2028,F,79,0.05351598427797446
2028,F,80,0.07407288663364797
2028,F,81,0.07407288663364797
2028,F,82,0.07407288663364797
2028,F,83,0.07407288663364797
2028,F,84,0.07407288663364797
2028,F,85,0.10875923213891396
2028,F,86,0.10875923213891396
2028,F,87,0.10875923213891396
2028,F,88,0.10875923213891396
2028,F,89,0.10875923213891396
2028,F,90,0.15760403878708795
2028,F,91,0.15760403878708795
2028,F,92,0.15760403878708795
2028,F,93,0.15760403878708795
2028,F,94,0.15760403878708795
2028,F,95,0.22627772231644494
2028,F,96,0.22627772231644494
2028,F,97,0.22627772231644494
2028,F,98,0.22627772231644494
2028,F,99,0.22627772231644494
2028,F,100,0.22627772231644494
2028,M,0,0.023822854189892072
2028,M,1,0.002208175932773666
2028,M,2,0.002208175932773666
2028,M,3,0.002208175932773666
2028,M,4,0.002208175932773666
2028,M,5,5.572716586656529e-4
2028,M,6,5.572716586656529e-4
2028,M,7,5.572716586656529e-4
2028,M,8,5.572716586656529e-4
2028,M,9,5.572716586656529e-4
2028,M,10,6.12779789667809e-4
2028,M,11,6.12779789667809e-4
2028,M,12,6.12779789667809e-4
2028,M,13,6.12779789667809e-4
2028,M,14,6.12779789667809e-4
2028,M,15,0.0014597582985462357
2028,M,16,0.0014597582985462357
2028,M,17,0.0014597582985462357
2028,M,18,0.0014597582985462357
2028,M,19,0.0014597582985462357
2028,M,20,0.0028236530674655706
2028,M,21,0.0028236530674655706
2028,M,22,0.0028236530674655706
2028,M,23,0.0028236530674655706
2028,M,24,0.0028236530674655706
2028,M,25,0.004259334565316592
2028,M,26,0.004259334565316592
2028,M,27,0.004259334565316592
2028,M,28,0.004259334565316592
2028,M,29,0.004259334565316592
2028,M,30,0.005654334809310253
2028,M,31,0.005654334809310253
2028,M,32,0.005654334809310253
2028,M,33,0.005654334809310253
2028,M,34,0.005654334809310253
2028,M,35,0.007266469699495626
2028,M,36,0.007266469699495626
2028,M,37,0.007266469699495626
2028,M,38,0.007266469699495626
2028,M,39,0.007266469699495626
2028,M,40,0.009411275509293477
2028,M,41,0.009411275509293477
2028,M,42,0.009411275509293477
2028,M,43,0.009411275509293477
2028,M,44,0.009411275509293477
2028,M,45,0.012657974338305119
2028,M,46,0.012657974338305119
2028,M,47,0.012657974338305119
2028,M,48,0.012657974338305119
2028,M,49,0.012657974338305119
2028,M,50,0.017155449586236098
2028,M,51,0.017155449586236098
2028,M,52,0.017155449586236098
2028,M,53,0.017155449586236098
2028,M,54,0.017155449586236098
2028,M,55,0.023377472378382558
2028,M,56,0.023377472378382558
2028,M,57,0.023377472378382558
2028,M,58,0.023377472378382558
2028,M,59,0.023377472378382558
2028,M,60,0.031533482256979044
2028,M,61,0.031533482256979044
2028,M,62,0.031533482256979044
2028,M,63,0.031533482256979044
2028,M,64,0.031533482256979044
2028,M,65,0.0432285279966347
2028,M,66,0.0432285279966347
2028,M,67,0.0432285279966347
2028,M,68,0.0432285279966347
2028,M,69,0.0432285279966347
2028,M,70,0.05654085909983888
2028,M,71,0.05654085909983888
2028,M,72,0.05654085909983888
2028,M,73,0.05654085909983888
2028,M,74,0.05654085909983888
2028,M,75,0.07606534239344334
2028,M,76,0.07606534239344334
2028,M,77,0.07606534239344334
2028,M,78,0.07606534239344334
2028,M,79,0.07606534239344334
2028,M,80,0.09449430078899727
2028,M,81,0.09449430078899727
2028,M,82,0.09449430078899727
2028,M,83,0.09449430078899727
2028,M,84,0.09449430078899727
2028,M,85,0.12862949249631597
2028,M,86,0.12862949249631597
2028,M,87,0.12862949249631597
2028,M,88,0.12862949249631597
2028,M,89,0.12862949249631597
2028,M,90,0.16980537618976113
2028,M,91,0.16980537618976113
2028,M,92,0.16980537618976113
2028,M,93,0.16980537618976113
2028,M,94,0.16980537618976113
2028,M,95,0.22349671328099313
2028,M,96,0.22349671328099313
2028,M,97,0.22349671328099313
2028,M,98,0.22349671328099313
2028,M,99,0.22349671328099313
2028,M,100,0.22349671328099313
2029,F,0,0.018169958425638753
2029,F,1,0.0016763930452320895
2029,F,2,0.0016763930452320895
2029,F,3,0.0016763930452320895
2029,F,4,0.0016763930452320895
2029,F,5,3.670606277916762e-4
2029,F,6,3.670606277916762e-4
2029,F,7,3.670606277916762e-4
2029,F,8,3.670606277916762e-4
2029,F,9,3.670606277916762e-4
2029,F,10,4.1464352624956803e-4
2029,F,11,4.1464352624956803e-4
2029,F,12,4.1464352624956803e-4
2029,F,13,4.1464352624956803e-4
2029,F,14,4.1464352624956803e-4
2029,F,15,9.252047133053267e-4
2029,F,16,9.252047133053267e-4
2029,F,17,9.252047133053267e-4
2029,F,18,9.252047133053267e-4
2029,F,19,9.252047133053267e-4
2029,F,20,0.0015770131164830968
2029,F,21,0.0015770131164830968
2029,F,22,0.0015770131164830968
2029,F,23,0.0015770131164830968
2029,F,24,0.0015770131164830968
2029,F,25,0.00263244465231443
2029,F,26,0.00263244465231443
2029,F,27,0.00263244465231443
2029,F,28,0.00263244465231443
2029,F,29,0.00263244465231443
2029,F,30,0.0037753663154632736
2029,F,31,0.0037753663154632736
2029,F,32,0.0037753663154632736
2029,F,33,0.0037753663154632736
2029,F,34,0.0037753663154632736
2029,F,35,0.004912574501396026
2029,F,36,0.004912574501396026
2029,F,37,0.004912574501396026
2029,F,38,0.004912574501396026
2029,F,39,0.004912574501396026
2029,F,40,0.006271035150948128
2029,F,41,0.006271035150948128
2029,F,42,0.006271035150948128
2029,F,43,0.006271035150948128
2029,F,44,0.006271035150948128
2029,F,45,0.007566871557625208
2029,F,46,0.007566871557625208
2029,F,47,0.007566871557625208
2029,F,48,0.007566871557625208
2029,F,49,0.007566871557625208
2029,F,50,0.009512861667561264
2029,F,51,0.009512861667561264
2029,F,52,0.009512861667561264
2029,F,53,0.009512861667561264
2029,F,54,0.009512861667561264
2029,F,55,0.012960701115235998
2029,F,56,0.012960701115235998
2029,F,57,0.012960701115235998
2029,F,58,0.012960701115235998
2029,F,59,0.012960701115235998
2029,F,60,0.017551507787118507
2029,F,61,0.017551507787118507
2029,F,62,0.017551507787118507
2029,F,63,0.017551507787118507
2029,F,64,0.017551507787118507
2029,F,65,0.025477033030236268
2029,F,66,0.025477033030236268
2029,F,67,0.025477033030236268
2029,F,68,0.025477033030236268
2029,F,69,0.025477033030236268
2029,F,70,0.03624204211360081
2029,F,71,0.03624204211360081
2029,F,72,0.03624204211360081
2029,F,73,0.03624204211360081
2029,F,74,0.03624204211360081
2029,F,75,0.053259752091127856
2029,F,76,0.053259752091127856
2029,F,77,0.053259752091127856
2029,F,78,0.053259752091127856
2029,F,79,0.053259752091127856
2029,F,80,0.07376097152870878
2029,F,81,0.07376097152870878
2029,F,82,0.07376097152870878
2029,F,83,0.07376097152870878
2029,F,84,0.07376097152870878
2029,F,85,0.10836151590872634
2029,F,86,0.10836151590872634
2029,F,87,0.10836151590872634
2029,F,88,0.10836151590872634
2029,F,89,0.10836151590872634
2029,F,90,0.15710808495208223
2029,F,91,0.15710808495208223
2029,F,92,0.15710808495208223
2029,F,93,0.15710808495208223
2029,F,94,0.15710808495208223
2029,F,95,0.22569441764095904
2029,F,96,0.22569441764095904
2029,F,97,0.22569441764095904
2029,F,98,0.22569441764095904
2029,F,99,0.22569441764095904
2029,F,100,0.22569441764095904
2029,M,0,0.023392872119084168
2029,M,1,0.002168232843847819
2029,M,2,0.002168232843847819
2029,M,3,0.002168232843847819
2029,M,4,0.002168232843847819
2029,M,5,5.47326232310522e-4
2029,M,6,5.47326232310522e-4
2029,M,7,5.47326232310522e-4
2029,M,8,5.47326232310522e-4
2029,M,9,5.47326232310522e-4
2029,M,10,6.020552677670836e-4
2029,M,11,6.020552677670836e-4
2029,M,12,6.020552677670836e-4
2029,M,13,6.020552677670836e-4
2029,M,14,6.020552677670836e-4
2029,M,15,0.001434776172010495
2029,M,16,0.001434776172010495
2029,M,17,0.001434776172010495
2029,M,18,0.001434776172010495
2029,M,19,0.001434776172010495
2029,M,20,0.002776994321959739
2029,M,21,0.002776994321959739
2029,M,22,0.002776994321959739
2029,M,23,0.002776994321959739
2029,M,24,0.002776994321959739
2029,M,25,0.004193230345656063
2029,M,26,0.004193230345656063
2029,M,27,0.004193230345656063
2029,M,28,0.004193230345656063
2029,M,29,0.004193230345656063
2029,M,30,0.005575054075383087
2029,M,31,0.005575054075383087
2029,M,32,0.005575054075383087
2029,M,33,0.005575054075383087
2029,M,34,0.005575054075383087
2029,M,35,0.0071783420076173094
2029,M,36,0.0071783420076173094
2029,M,37,0.0071783420076173094
2029,M,38,0.0071783420076173094
2029,M,39,0.0071783420076173094
2029,M,40,0.009316538186456327
2029,M,41,0.009316538186456327
2029,M,42,0.009316538186456327
2029,M,43,0.009316538186456327
2029,M,44,0.009316538186456327
2029,M,45,0.01255557706003908
2029,M,46,0.01255557706003908
2029,M,47,0.01255557706003908
2029,M,48,0.01255557706003908
2029,M,49,0.01255557706003908
2029,M,50,0.017045902182174947
2029,M,51,0.017045902182174947
2029,M,52,0.017045902182174947
2029,M,53,0.017045902182174947
2029,M,54,0.017045902182174947
2029,M,55,0.02325942728033391
2029,M,56,0.02325942728033391
2029,M,57,0.02325942728033391
2029,M,58,0.02325942728033391
2029,M,59,0.02325942728033391
2029,M,60,0.03140508692896016
2029,M,61,0.03140508692896016
2029,M,62,0.03140508692896016
2029,M,63,0.03140508692896016
2029,M,64,0.03140508692896016
2029,M,65,0.04308303347115368
2029,M,66,0.04308303347115368
2029,M,67,0.04308303347115368
2029,M,68,0.04308303347115368
2029,M,69,0.04308303347115368
2029,M,70,0.056382880828270664
2029,M,71,0.056382880828270664
2029,M,72,0.056382880828270664
2029,M,73,0.056382880828270664
2029,M,74,0.056382880828270664
2029,M,75,0.07589298917110178
2029,M,76,0.07589298917110178
2029,M,77,0.07589298917110178
2029,M,78,0.07589298917110178
2029,M,79,0.07589298917110178
2029,M,80,0.09432955602426747
2029,M,81,0.09432955602426747
2029,M,82,0.09432955602426747
2029,M,83,0.09432955602426747
2029,M,84,0.09432955602426747
2029,M,85,0.12846994741722853
2029,M,86,0.12846994741722853
2029,M,87,0.12846994741722853
2029,M,88,0.12846994741722853
2029,M,89,0.12846994741722853
2029,M,90,0.1696735918811298
2029,M,91,0.1696735918811298
2029,M,92,0.1696735918811298
2029,M,93,0.1696735918811298
2029,M,94,0.1696735918811298
2029,M,95,0.22344010896230002
2029,M,96,0.22344010896230002
2029,M,97,0.22344010896230002
2029,M,98,0.22344010896230002
2029,M,99,0.22344010896230002
2029,M,100,0.22344010896230002
2030,F,0,0.01771819423698452
2030,F,1,0.0016346827458985859
2030,F,2,0.0016346827458985859
2030,F,3,0.0016346827458985859
2030,F,4,0.0016346827458985859
2030,F,5,3.5804630171883974e-4
2030,F,6,3.5804630171883974e-4
2030,F,7,3.5804630171883974e-4
2030,F,8,3.5804630171883974e-4
2030,F,9,3.5804630171883974e-4
2030,F,10,4.046510803041555e-4
2030,F,11,4.046510803041555e-4
2030,F,12,4.046510803041555e-4
2030,F,13,4.046510803041555e-4
2030,F,14,4.046510803041555e-4
2030,F,15,9.033751483103819e-4
2030,F,16,9.033751483103819e-4
2030,F,17,9.033751483103819e-4
2030,F,18,9.033751483103819e-4
2030,F,19,9.033751483103819e-4
2030,F,20,0.001541045836210361
2030,F,21,0.001541045836210361
2030,F,22,0.001541045836210361
2030,F,23,0.001541045836210361
2030,F,24,0.001541045836210361
2030,F,25,0.002575968035698331
2030,F,26,0.002575968035698331
2030,F,27,0.002575968035698331
2030,F,28,0.002575968035698331
2030,F,29,0.002575968035698331
2030,F,30,0.003701806030772526
2030,F,31,0.003701806030772526
2030,F,32,0.003701806030772526
2030,F,33,0.003701806030772526
2030,F,34,0.003701806030772526
2030,F,35,0.004829194355137902
2030,F,36,0.004829194355137902
2030,F,37,0.004829194355137902
2030,F,38,0.004829194355137902
2030,F,39,0.004829194355137902
2030,F,40,0.006181649286387564
2030,F,41,0.006181649286387564
2030,F,42,0.006181649286387564
2030,F,43,0.006181649286387564
2030,F,44,0.006181649286387564
2030,F,45,0.007478804513774808
2030,F,46,0.007478804513774808
2030,F,47,0.007478804513774808
2030,F,48,0.007478804513774808
2030,F,49,0.007478804513774808
2030,F,50,0.009423883428970568
2030,F,51,0.009423883428970568
2030,F,52,0.009423883428970568
2030,F,53,0.009423883428970568
2030,F,54,0.009423883428970568
2030,F,55,0.012862550924949659
2030,F,56,0.012862550924949659
2030,F,57,0.012862550924949659
2030,F,58,0.012862550924949659
2030,F,59,0.012862550924949659
2030,F,60,0.01744144650634214
2030,F,61,0.01744144650634214
2030,F,62,0.01744144650634214
2030,F,63,0.01744144650634214
2030,F,64,0.01744144650634214
2030,F,65,0.025341305872461983
2030,F,66,0.025341305872461983
2030,F,67,0.025341305872461983
2030,F,68,0.025341305872461983
2030,F,69,0.025341305872461983
2030,F,70,0.03607650997669455
2030,F,71,0.03607650997669455
2030,F,72,0.03607650997669455
2030,F,73,0.03607650997669455
2030,F,74,0.03607650997669455
2030,F,75,0.05305402929118166
2030,F,76,0.05305402929118166
2030,F,77,0.05305402929118166
2030,F,78,0.05305402929118166
2030,F,79,0.05305402929118166
2030,F,80,0.07352724280948167
2030,F,81,0.07352724280948167
2030,F,82,0.07352724280948167
2030,F,83,0.07352724280948167
2030,F,84,0.07352724280948167
2030,F,85,0.10809050289843398
2030,F,86,0.10809050289843398
2030,F,87,0.10809050289843398
2030,F,88,0.10809050289843398
2030,F,89,0.10809050289843398
2030,F,90,0.15681209457139167
2030,F,91,0.15681209457139167
2030,F,92,0.15681209457139167
2030,F,93,0.15681209457139167
2030,F,94,0.15681209457139167
2030,F,95,0.22542543421672204
2030,F,96,0.22542543421672204
2030,F,97,0.22542543421672204
2030,F,98,0.22542543421672204
2030,F,99,0.22542543421672204
2030,F,100,0.22542543421672204
2030,M,0,0.02294617125721531
2030,M,1,0.0021267278461120282
2030,M,2,0.0021267278461120282
2030,M,3,0.0021267278461120282
2030,M,4,0.0021267278461120282
2030,M,5,5.369822300597415e-4
2030,M,6,5.369822300597415e-4
2030,M,7,5.369822300597415e-4
2030,M,8,5.369822300597415e-4
2030,M,9,5.369822300597415e-4
2030,M,10,5.90884000792397e-4
2030,M,11,5.90884000792397e-4
2030,M,12,5.90884000792397e-4
2030,M,13,5.90884000792397e-4
2030,M,14,5.90884000792397e-4
2030,M,15,0.0014087075146393736
2030,M,16,0.0014087075146393736
2030,M,17,0.0014087075146393736
2030,M,18,0.0014087075146393736
2030,M,19,0.0014087075146393736
2030,M,20,0.0027281790833089126
2030,M,21,0.0027281790833089126
2030,M,22,0.0027281790833089126
2030,M,23,0.0027281790833089126
2030,M,24,0.0027281790833089126
2030,M,25,0.0041237240655916
2030,M,26,0.0041237240655916
2030,M,27,0.0041237240655916
2030,M,28,0.0041237240655916
2030,M,29,0.0041237240655916
2030,M,30,0.005490990317630649
2030,M,31,0.005490990317630649
2030,M,32,0.005490990317630649
2030,M,33,0.005490990317630649
2030,M,34,0.005490990317630649
2030,M,35,0.007083682374294915
2030,M,36,0.007083682374294915
2030,M,37,0.007083682374294915
2030,M,38,0.007083682374294915
2030,M,39,0.007083682374294915
2030,M,40,0.009212869417324795
2030,M,41,0.009212869417324795
2030,M,42,0.009212869417324795
2030,M,43,0.009212869417324795
2030,M,44,0.009212869417324795
2030,M,45,0.012440655322293362
2030,M,46,0.012440655322293362
2030,M,47,0.012440655322293362
2030,M,48,0.012440655322293362
2030,M,49,0.012440655322293362
2030,M,50,0.01691889491962286
2030,M,51,0.01691889491962286
2030,M,52,0.01691889491962286
2030,M,53,0.01691889491962286
2030,M,54,0.01691889491962286
2030,M,55,0.023117158772221737
2030,M,56,0.023117158772221737
2030,M,57,0.023117158772221737
2030,M,58,0.023117158772221737
2030,M,59,0.023117158772221737
2030,M,60,0.03124367220148458
2030,M,61,0.03124367220148458
2030,M,62,0.03124367220148458
2030,M,63,0.03124367220148458
2030,M,64,0.03124367220148458
2030,M,65,0.042891970301497225
2030,M,66,0.042891970301497225
2030,M,67,0.042891970301497225
2030,M,68,0.042891970301497225
2030,M,69,0.042891970301497225
2030,M,70,0.056165020393272445
2030,M,71,0.056165020393272445
2030,M,72,0.056165020393272445
2030,M,73,0.056165020393272445
2030,M,74,0.056165020393272445
2030,M,75,0.075639748434319
2030,M,76,0.075639748434319
2030,M,77,0.075639748434319
2030,M,78,0.075639748434319
2030,M,79,0.075639748434319
2030,M,80,0.09406397104798107
2030,M,81,0.09406397104798107
2030,M,82,0.09406397104798107
2030,M,83,0.09406397104798107
2030,M,84,0.09406397104798107
2030,M,85,0.12817262163101456
2030,M,86,0.12817262163101456
2030,M,87,0.12817262163101456
2030,M,88,0.12817262163101456
2030,M,89,0.12817262163101456
2030,M,90,0.16935922125736966
2030,M,91,0.16935922125736966
2030,M,92,0.16935922125736966
2030,M,93,0.16935922125736966
2030,M,94,0.16935922125736966
2030,M,95,0.22314195219950891
2030,M,96,0.22314195219950891
2030,M,97,0.22314195219950891
2030,M,98,0.22314195219950891
2030,M,99,0.22314195219950891
2030,M,100,0.22314195219950891
2031,F,0,0.017293412809570374
2031,F,1,0.0015954752696676208
2031,F,2,0.0015954752696676208
2031,F,3,0.0015954752696676208
2031,F,4,0.0015954752696676208
2031,F,5,3.495733258598385e-4
2031,F,6,3.495733258598385e-4
2031,F,7,3.495733258598385e-4
2031,F,8,3.495733258598385e-4
2031,F,9,3.495733258598385e-4
2031,F,10,3.952623235850842e-4
2031,F,11,3.952623235850842e-4
2031,F,12,3.952623235850842e-4
2031,F,13,3.952623235850842e-4
2031,F,14,3.952623235850842e-4
2031,F,15,8.828697834610689e-4
2031,F,16,8.828697834610689e-4
2031,F,17,8.828697834610689e-4
2031,F,18,8.828697834610689e-4
2031,F,19,8.828697834610689e-4
2031,F,20,0.0015072835175026938
2031,F,21,0.0015072835175026938
2031,F,22,0.0015072835175026938
2031,F,23,0.0015072835175026938
2031,F,24,0.0015072835175026938
2031,F,25,0.0025230193580554417
2031,F,26,0.0025230193580554417
2031,F,27,0.0025230193580554417
2031,F,28,0.0025230193580554417
2031,F,29,0.0025230193580554417
2031,F,30,0.0036330161215841297
2031,F,31,0.0036330161215841297
2031,F,32,0.0036330161215841297
2031,F,33,0.0036330161215841297
2031,F,34,0.0036330161215841297
2031,F,35,0.004751591703121062
2031,F,36,0.004751591703121062
2031,F,37,0.004751591703121062
2031,F,38,0.004751591703121062
2031,F,39,0.004751591703121062
2031,F,40,0.006099140599204498
2031,F,41,0.006099140599204498
2031,F,42,0.006099140599204498
2031,F,43,0.006099140599204498
2031,F,44,0.006099140599204498
2031,F,45,0.007398554571287208
2031,F,46,0.007398554571287208
2031,F,47,0.007398554571287208
2031,F,48,0.007398554571287208
2031,F,49,0.007398554571287208
2031,F,50,0.00934431842810957
2031,F,51,0.00934431842810957
2031,F,52,0.00934431842810957
2031,F,53,0.00934431842810957
2031,F,54,0.00934431842810957
2031,F,55,0.012776871296653187
2031,F,56,0.012776871296653187
2031,F,57,0.012776871296653187
2031,F,58,0.012776871296653187
2031,F,59,0.012776871296653187
2031,F,60,0.017348000581163318
2031,F,61,0.017348000581163318
2031,F,62,0.017348000581163318
2031,F,63,0.017348000581163318
2031,F,64,0.017348000581163318
2031,F,65,0.025229463285442632
2031,F,66,0.025229463285442632
2031,F,67,0.025229463285442632
2031,F,68,0.025229463285442632
2031,F,69,0.025229463285442632
2031,F,70,0.03594473723676975
2031,F,71,0.03594473723676975
2031,F,72,0.03594473723676975
2031,F,73,0.03594473723676975
2031,F,74,0.03594473723676975
2031,F,75,0.05289768077101327
2031,F,76,0.05289768077101327
2031,F,77,0.05289768077101327
2031,F,78,0.05289768077101327
2031,F,79,0.05289768077101327
2031,F,80,0.07336165693600913
2031,F,81,0.07336165693600913
2031,F,82,0.07336165693600913
2031,F,83,0.07336165693600913
2031,F,84,0.07336165693600913
2031,F,85,0.10791942650088251
2031,F,86,0.10791942650088251
2031,F,87,0.10791942650088251
2031,F,88,0.10791942650088251
2031,F,89,0.10791942650088251
2031,F,90,0.15666107453475056
2031,F,91,0.15666107453475056
2031,F,92,0.15666107453475056
2031,F,93,0.15666107453475056
2031,F,94,0.15666107453475056
2031,F,95,0.22536544863552707
2031,F,96,0.22536544863552707
2031,F,97,0.22536544863552707
2031,F,98,0.22536544863552707
2031,F,99,0.22536544863552707
2031,F,100,0.22536544863552707
2031,M,0,0.022552251049228405
2031,M,1,0.002090064946617352
2031,M,2,0.002090064946617352
2031,M,3,0.002090064946617352
2031,M,4,0.002090064946617352
2031,M,5,5.278399251032846e-4
2031,M,6,5.278399251032846e-4
2031,M,7,5.278399251032846e-4
2031,M,8,5.278399251032846e-4
2031,M,9,5.278399251032846e-4
2031,M,10,5.810071065288511e-4
2031,M,11,5.810071065288511e-4
2031,M,12,5.810071065288511e-4
2031,M,13,5.810071065288511e-4
2031,M,14,5.810071065288511e-4
2031,M,15,0.0013856449638595396
2031,M,16,0.0013856449638595396
2031,M,17,0.0013856449638595396
2031,M,18,0.0013856449638595396
2031,M,19,0.0013856449638595396
2031,M,20,0.0026849459586122497
2031,M,21,0.0026849459586122497
2031,M,22,0.0026849459586122497
2031,M,23,0.0026849459586122497
2031,M,24,0.0026849459586122497
2031,M,25,0.0040620589474982816
2031,M,26,0.0040620589474982816
2031,M,27,0.0040620589474982816
2031,M,28,0.0040620589474982816
2031,M,29,0.0040620589474982816
2031,M,30,0.005416198449946011
2031,M,31,0.005416198449946011
2031,M,32,0.005416198449946011
2031,M,33,0.005416198449946011
2031,M,34,0.005416198449946011
2031,M,35,0.006999123092501195
2031,M,36,0.006999123092501195
2031,M,37,0.006999123092501195
2031,M,38,0.006999123092501195
2031,M,39,0.006999123092501195
2031,M,40,0.009119781330543846
2031,M,41,0.009119781330543846
2031,M,42,0.009119781330543846
2031,M,43,0.009119781330543846
2031,M,44,0.009119781330543846
2031,M,45,0.012336805682897566
2031,M,46,0.012336805682897566
2031,M,47,0.012336805682897566
2031,M,48,0.012336805682897566
2031,M,49,0.012336805682897566
2031,M,50,0.016803277290926344
2031,M,51,0.016803277290926344
2031,M,52,0.016803277290926344
2031,M,53,0.016803277290926344
2031,M,54,0.016803277290926344
2031,M,55,0.0229866173742305
2031,M,56,0.0229866173742305
2031,M,57,0.0229866173742305
2031,M,58,0.0229866173742305
2031,M,59,0.0229866173742305
2031,M,60,0.031094373108440664
2031,M,61,0.031094373108440664
2031,M,62,0.031094373108440664
2031,M,63,0.031094373108440664
2031,M,64,0.031094373108440664
2031,M,65,0.04271390082362907
2031,M,66,0.04271390082362907
2031,M,67,0.04271390082362907
2031,M,68,0.04271390082362907
2031,M,69,0.04271390082362907
2031,M,70,0.0559603474695551
2031,M,71,0.0559603474695551
2031,M,72,0.0559603474695551
2031,M,73,0.0559603474695551
2031,M,74,0.0559603474695551
2031,M,75,0.07539955210197917
2031,M,76,0.07539955210197917
2031,M,77,0.07539955210197917
2031,M,78,0.07539955210197917
2031,M,79,0.07539955210197917
2031,M,80,0.09380884991951917
2031,M,81,0.09380884991951917
2031,M,82,0.09380884991951917
2031,M,83,0.09380884991951917
2031,M,84,0.09380884991951917
2031,M,85,0.12788205624167376
2031,M,86,0.12788205624167376
2031,M,87,0.12788205624167376
2031,M,88,0.12788205624167376
2031,M,89,0.12788205624167376
2031,M,90,0.169044696679123
2031,M,91,0.169044696679123
2031,M,92,0.169044696679123
2031,M,93,0.169044696679123
2031,M,94,0.169044696679123
2031,M,95,0.2228301982849506
2031,M,96,0.2228301982849506
2031,M,97,0.2228301982849506
2031,M,98,0.2228301982849506
2031,M,99,0.2228301982849506
2031,M,100,0.2228301982849506
2032,F,0,0.016889548832326955
2032,F,1,0.0015581505944356829
2032,F,2,0.0015581505944356829
2032,F,3,0.0015581505944356829
2032,F,4,0.0015581505944356829
2032,F,5,3.4149938870917514e-4
2032,F,6,3.4149938870917514e-4
2032,F,7,3.4149938870917514e-4
2032,F,8,3.4149938870917514e-4
2032,F,9,3.4149938870917514e-4
2032,F,10,3.863008307495732e-4
2032,F,11,3.863008307495732e-4
2032,F,12,3.863008307495732e-4
2032,F,13,3.863008307495732e-4
2032,F,14,3.863008307495732e-4
2032,F,15,8.632603685599035e-4
2032,F,16,8.632603685599035e-4
2032,F,17,8.632603685599035e-4
2032,F,18,8.632603685599035e-4
2032,F,19,8.632603685599035e-4
2032,F,20,0.0014748929293751426
2032,F,21,0.0014748929293751426
2032,F,22,0.0014748929293751426
2032,F,23,0.0014748929293751426
2032,F,24,0.0014748929293751426
2032,F,25,0.0024719354196427157
2032,F,26,0.0024719354196427157
2032,F,27,0.0024719354196427157
2032,F,28,0.0024719354196427157
2032,F,29,0.0024719354196427157
2032,F,30,0.0035660272672345685
2032,F,31,0.0035660272672345685
2032,F,32,0.0035660272672345685
2032,F,33,0.0035660272672345685
2032,F,34,0.0035660272672345685
2032,F,35,0.0046749261020902905
2032,F,36,0.0046749261020902905
2032,F,37,0.0046749261020902905
2032,F,38,0.0046749261020902905
2032,F,39,0.0046749261020902905
2032,F,40,0.006015946620493524
2032,F,41,0.006015946620493524
2032,F,42,0.006015946620493524
2032,F,43,0.006015946620493524
2032,F,44,0.006015946620493524
2032,F,45,0.007315378545698815
2032,F,46,0.007315378545698815
2032,F,47,0.007315378545698815
2032,F,48,0.007315378545698815
2032,F,49,0.007315378545698815
2032,F,50,0.009258846320443307
2032,F,51,0.009258846320443307
2032,F,52,0.009258846320443307
2032,F,53,0.009258846320443307
2032,F,54,0.009258846320443307
2032,F,55,0.012680852663583802
2032,F,56,0.012680852663583802
2032,F,57,0.012680852663583802
2032,F,58,0.012680852663583802
2032,F,59,0.012680852663583802
2032,F,60,0.017238336787775945
2032,F,61,0.017238336787775945
2032,F,62,0.017238336787775945
2032,F,63,0.017238336787775945
2032,F,64,0.017238336787775945
2032,F,65,0.025091786272350182
2032,F,66,0.025091786272350182
2032,F,67,0.025091786272350182
2032,F,68,0.025091786272350182
2032,F,69,0.025091786272350182
2032,F,70,0.035773624553513406
2032,F,71,0.035773624553513406
2032,F,72,0.035773624553513406
2032,F,73,0.035773624553513406
2032,F,74,0.035773624553513406
2032,F,75,0.05268002395608177
2032,F,76,0.05268002395608177
2032,F,77,0.05268002395608177
2032,F,78,0.05268002395608177
2032,F,79,0.05268002395608177
2032,F,80,0.07310642781079311
2032,F,81,0.07310642781079311
2032,F,82,0.07310642781079311
2032,F,83,0.07310642781079311
2032,F,84,0.07310642781079311
2032,F,85,0.10760993839095097
2032,F,86,0.10760993839095097
2032,F,87,0.10760993839095097
2032,F,88,0.10760993839095097
2032,F,89,0.10760993839095097
2032,F,90,0.15630017816062985
2032,F,91,0.15630017816062985
2032,F,92,0.15630017816062985
2032,F,93,0.15630017816062985
2032,F,94,0.15630017816062985
2032,F,95,0.22498863885558515
2032,F,96,0.22498863885558515
2032,F,97,0.22498863885558515
2032,F,98,0.22498863885558515
2032,F,99,0.22498863885558515
2032,F,100,0.22498863885558515
2032,M,0,0.02213518559634961
2032,M,1,0.0020512270973953085
2032,M,2,0.0020512270973953085
2032,M,3,0.0020512270973953085
2032,M,4,0.0020512270973953085
2032,M,5,5.181606468434938e-4
2032,M,6,5.181606468434938e-4
2032,M,7,5.181606468434938e-4
2032,M,8,5.181606468434938e-4
2032,M,9,5.181606468434938e-4
2032,M,10,5.705530536333781e-4
2032,M,11,5.705530536333781e-4
2032,M,12,5.705530536333781e-4
2032,M,13,5.705530536333781e-4
2032,M,14,5.705530536333781e-4
2032,M,15,0.0013612479981935778
2032,M,16,0.0013612479981935778
2032,M,17,0.0013612479981935778
2032,M,18,0.0013612479981935778
2032,M,19,0.0013612479981935778
2032,M,20,0.002639255829594812
2032,M,21,0.002639255829594812
2032,M,22,0.002639255829594812
2032,M,23,0.002639255829594812
2032,M,24,0.002639255829594812
2032,M,25,0.003997013547484996
2032,M,26,0.003997013547484996
2032,M,27,0.003997013547484996
2032,M,28,0.003997013547484996
2032,M,29,0.003997013547484996
2032,M,30,0.005337587184926796
2032,M,31,0.005337587184926796
2032,M,32,0.005337587184926796
2032,M,33,0.005337587184926796
2032,M,34,0.005337587184926796
2032,M,35,0.006910781848440348
2032,M,36,0.006910781848440348
2032,M,37,0.006910781848440348
2032,M,38,0.006910781848440348
2032,M,39,0.006910781848440348
2032,M,40,0.009023468349358608
2032,M,41,0.009023468349358608
2032,M,42,0.009023468349358608
2032,M,43,0.009023468349358608
2032,M,44,0.009023468349358608
2032,M,45,0.012230890180215743
2032,M,46,0.012230890180215743
2032,M,47,0.012230890180215743
2032,M,48,0.012230890180215743
2032,M,49,0.012230890180215743
2032,M,50,0.01668762645511904
2032,M,51,0.01668762645511904
2032,M,52,0.01668762645511904
2032,M,53,0.01668762645511904
2032,M,54,0.01668762645511904
2032,M,55,0.02285909834274779
2032,M,56,0.02285909834274779
2032,M,57,0.02285909834274779
2032,M,58,0.02285909834274779
2032,M,59,0.02285909834274779
2032,M,60,0.03095226191139667
2032,M,61,0.03095226191139667
2032,M,62,0.03095226191139667
2032,M,63,0.03095226191139667
2032,M,64,0.03095226191139667
2032,M,65,0.04254882020664848
2032,M,66,0.04254882020664848
2032,M,67,0.04254882020664848
2032,M,68,0.04254882020664848
2032,M,69,0.04254882020664848
2032,M,70,0.05577603791830101
2032,M,71,0.05577603791830101
2032,M,72,0.05577603791830101
2032,M,73,0.05577603791830101
2032,M,74,0.05577603791830101
2032,M,75,0.0751910089836852
2032,M,76,0.0751910089836852
2032,M,77,0.0751910089836852
2032,M,78,0.0751910089836852
2032,M,79,0.0751910089836852
2032,M,80,0.09359835008636634
2032,M,81,0.09359835008636634
2032,M,82,0.09359835008636634
2032,M,83,0.09359835008636634
2032,M,84,0.09359835008636634
2032,M,85,0.12765931597913155
2032,M,86,0.12765931597913155
2032,M,87,0.12765931597913155
2032,M,88,0.12765931597913155
2032,M,89,0.12765931597913155
2032,M,90,0.1688285286647865
2032,M,91,0.1688285286647865
2032,M,92,0.1688285286647865
2032,M,93,0.1688285286647865
2032,M,94,0.1688285286647865
2032,M,95,0.22266129629251896
2032,M,96,0.22266129629251896
2032,M,97,0.22266129629251896
2032,M,98,0.22266129629251896
2032,M,99,0.22266129629251896
2032,M,100,0.22266129629251896
2033,F,0,0.016472367572003127
2033,F,1,0.0015195839276952114
2033,F,2,0.0015195839276952114
2033,F,3,0.0015195839276952114
2033,F,4,0.0015195839276952114
2033,F,5,3.331573305046495e-4
2033,F,6,3.331573305046495e-4
2033,F,7,3.331573305046495e-4
2033,F,8,3.331573305046495e-4
2033,F,9,3.331573305046495e-4
2033,F,10,3.770411768937713e-4
2033,F,11,3.770411768937713e-4
2033,F,12,3.770411768937713e-4
2033,F,13,3.770411768937713e-4
2033,F,14,3.770411768937713e-4
2033,F,15,8.430041464138945e-4
2033,F,16,8.430041464138945e-4
2033,F,17,8.430041464138945e-4
2033,F,18,8.430041464138945e-4
2033,F,19,8.430041464138945e-4
2033,F,20,0.001441445959470874
2033,F,21,0.001441445959470874
2033,F,22,0.001441445959470874
2033,F,23,0.001441445959470874
2033,F,24,0.001441445959470874
2033,F,25,0.002419224804303983
2033,F,26,0.002419224804303983
2033,F,27,0.002419224804303983
2033,F,28,0.002419224804303983
2033,F,29,0.002419224804303983
2033,F,30,0.0034970153783859315
2033,F,31,0.0034970153783859315
2033,F,32,0.0034970153783859315
2033,F,33,0.0034970153783859315
2033,F,34,0.0034970153783859315
2033,F,35,0.004596196303390102
2033,F,36,0.004596196303390102
2033,F,37,0.004596196303390102
2033,F,38,0.004596196303390102
2033,F,39,0.004596196303390102
2033,F,40,0.0059309927929869395
2033,F,41,0.0059309927929869395
2033,F,42,0.0059309927929869395
2033,F,43,0.0059309927929869395
2033,F,44,0.0059309927929869395
2033,F,45,0.00723120649762646
2033,F,46,0.00723120649762646
2033,F,47,0.00723120649762646
2033,F,48,0.00723120649762646
2033,F,49,0.00723120649762646
2033,F,50,0.00917346725908947
2033,F,51,0.00917346725908947
2033,F,52,0.00917346725908947
2033,F,53,0.00917346725908947
2033,F,54,0.00917346725908947
2033,F,55,0.012586496701341664
2033,F,56,0.012586496701341664
2033,F,57,0.012586496701341664
2033,F,58,0.012586496701341664
2033,F,59,0.012586496701341664
2033,F,60,0.017132515587453913
2033,F,61,0.017132515587453913
2033,F,62,0.017132515587453913
2033,F,63,0.017132515587453913
2033,F,64,0.017132515587453913
2033,F,65,0.024961425133802888
2033,F,66,0.024961425133802888
2033,F,67,0.024961425133802888
2033,F,68,0.024961425133802888
2033,F,69,0.024961425133802888
2033,F,70,0.035614958216421556
2033,F,71,0.035614958216421556
2033,F,72,0.035614958216421556
2033,F,73,0.035614958216421556
2033,F,74,0.035614958216421556
2033,F,75,0.05248350777730955
2033,F,76,0.05248350777730955
2033,F,77,0.05248350777730955
2033,F,78,0.05248350777730955
2033,F,79,0.05248350777730955
2033,F,80,0.072884452555449
2033,F,81,0.072884452555449
2033,F,82,0.072884452555449
2033,F,83,0.072884452555449
2033,F,84,0.072884452555449
2033,F,85,0.1073550749948177
2033,F,86,0.1073550749948177
2033,F,87,0.1073550749948177
2033,F,88,0.1073550749948177
2033,F,89,0.1073550749948177
2033,F,90,0.15602649848694555
2033,F,91,0.15602649848694555
2033,F,92,0.15602649848694555
2033,F,93,0.15602649848694555
2033,F,94,0.15602649848694555
2033,F,95,0.22475059477560516
2033,F,96,0.22475059477560516
2033,F,97,0.22475059477560516
2033,F,98,0.22475059477560516
2033,F,99,0.22475059477560516
2033,F,100,0.22475059477560516
2033,M,0,0.02172586673609212
2033,M,1,0.0020131261413164838
2033,M,2,0.0020131261413164838
2033,M,3,0.0020131261413164838
2033,M,4,0.0020131261413164838
2033,M,5,5.086602902073743e-4
2033,M,6,5.086602902073743e-4
2033,M,7,5.086602902073743e-4
2033,M,8,5.086602902073743e-4
2033,M,9,5.086602902073743e-4
2033,M,10,5.602900800765417e-4
2033,M,11,5.602900800765417e-4
2033,M,12,5.602900800765417e-4
2033,M,13,5.602900800765417e-4
2033,M,14,5.602900800765417e-4
2033,M,15,0.0013372889059741165
2033,M,16,0.0013372889059741165
2033,M,17,0.0013372889059741165
2033,M,18,0.0013372889059741165
2033,M,19,0.0013372889059741165
2033,M,20,0.0025943602401720016
2033,M,21,0.0025943602401720016
2033,M,22,0.0025943602401720016
2033,M,23,0.0025943602401720016
2033,M,24,0.0025943602401720016
2033,M,25,0.0039330336288243666
2033,M,26,0.0039330336288243666
2033,M,27,0.0039330336288243666
2033,M,28,0.0039330336288243666
2033,M,29,0.0039330336288243666
2033,M,30,0.0052601443309865815
2033,M,31,0.0052601443309865815
2033,M,32,0.0052601443309865815
2033,M,33,0.0052601443309865815
2033,M,34,0.0052601443309865815
2033,M,35,0.006823597088121305
2033,M,36,0.006823597088121305
2033,M,37,0.006823597088121305
2033,M,38,0.006823597088121305
2033,M,39,0.006823597088121305
2033,M,40,0.008928224372361826
2033,M,41,0.008928224372361826
2033,M,42,0.008928224372361826
2033,M,43,0.008928224372361826
2033,M,44,0.008928224372361826
2033,M,45,0.012125952990932143
2033,M,46,0.012125952990932143
2033,M,47,0.012125952990932143
2033,M,48,0.012125952990932143
2033,M,49,0.012125952990932143
2033,M,50,0.016572865941509248
2033,M,51,0.016572865941509248
2033,M,52,0.016572865941509248
2033,M,53,0.016572865941509248
2033,M,54,0.016572865941509248
2033,M,55,0.02273241121377223
2033,M,56,0.02273241121377223
2033,M,57,0.02273241121377223
2033,M,58,0.02273241121377223
2033,M,59,0.02273241121377223
2033,M,60,0.030810970217129096
2033,M,61,0.030810970217129096
2033,M,62,0.030810970217129096
2033,M,63,0.030810970217129096
2033,M,64,0.030810970217129096
2033,M,65,0.04238460994934689
2033,M,66,0.04238460994934689
2033,M,67,0.04238460994934689
2033,M,68,0.04238460994934689
2033,M,69,0.04238460994934689
2033,M,70,0.055592642786164145
2033,M,71,0.055592642786164145
2033,M,72,0.055592642786164145
2033,M,73,0.055592642786164145
2033,M,74,0.055592642786164145
2033,M,75,0.07498345417023802
2033,M,76,0.07498345417023802
2033,M,77,0.07498345417023802
2033,M,78,0.07498345417023802
2033,M,79,0.07498345417023802
2033,M,80,0.09338883403344378
2033,M,81,0.09338883403344378
2033,M,82,0.09338883403344378
2033,M,83,0.09338883403344378
2033,M,84,0.09338883403344378
2033,M,85,0.12743766696061515
2033,M,86,0.12743766696061515
2033,M,87,0.12743766696061515
2033,M,88,0.12743766696061515
2033,M,89,0.12743766696061515
2033,M,90,0.16861356525526222
2033,M,91,0.16861356525526222
2033,M,92,0.16861356525526222
2033,M,93,0.16861356525526222
2033,M,94,0.16861356525526222
2033,M,95,0.22249375355896128
2033,M,96,0.22249375355896128
2033,M,97,0.22249375355896128
2033,M,98,0.22249375355896128
2033,M,99,0.22249375355896128
2033,M,100,0.22249375355896128
2034,F,0,0.016104880197533193
2034,F,1,0.0014856078308091733
2034,F,2,0.0014856078308091733
2034,F,3,0.0014856078308091733
2034,F,4,0.0014856078308091733
2034,F,5,3.257972155337789e-4
2034,F,6,3.257972155337789e-4
2034,F,7,3.257972155337789e-4
2034,F,8,3.257972155337789e-4
2034,F,9,3.257972155337789e-4
2034,F,10,3.688579314244816e-4
2034,F,11,3.688579314244816e-4
2034,F,12,3.688579314244816e-4
2034,F,13,3.688579314244816e-4
2034,F,14,3.688579314244816e-4
2034,F,15,8.250614783475961e-4
2034,F,16,8.250614783475961e-4
2034,F,17,8.250614783475961e-4
2034,F,18,8.250614783475961e-4
2034,F,19,8.250614783475961e-4
2034,F,20,0.001411714643493571
2034,F,21,0.001411714643493571
2034,F,22,0.001411714643493571
2034,F,23,0.001411714643493571
2034,F,24,0.001411714643493571
2034,F,25,0.002372059215210044
2034,F,26,0.002372059215210044
2034,F,27,0.002372059215210044
2034,F,28,0.002372059215210044
2034,F,29,0.002372059215210044
2034,F,30,0.0034345909435766807
2034,F,31,0.0034345909435766807
2034,F,32,0.0034345909435766807
2034,F,33,0.0034345909435766807
2034,F,34,0.0034345909435766807
2034,F,35,0.0045237839855974595
2034,F,36,0.0045237839855974595
2034,F,37,0.0045237839855974595
2034,F,38,0.0045237839855974595
2034,F,39,0.0045237839855974595
2034,F,40,0.005851005117269003
2034,F,41,0.005851005117269003
2034,F,42,0.005851005117269003
2034,F,43,0.005851005117269003
2034,F,44,0.005851005117269003
2034,F,45,0.007149447332683666
2034,F,46,0.007149447332683666
2034,F,47,0.007149447332683666
2034,F,48,0.007149447332683666
2034,F,49,0.007149447332683666
2034,F,50,0.009087216279831407
2034,F,51,0.009087216279831407
2034,F,52,0.009087216279831407
2034,F,53,0.009087216279831407
2034,F,54,0.009087216279831407
2034,F,55,0.012486818334006985
2034,F,56,0.012486818334006985
2034,F,57,0.012486818334006985
2034,F,58,0.012486818334006985
2034,F,59,0.012486818334006985
2034,F,60,0.017015415608705887
2034,F,61,0.017015415608705887
2034,F,62,0.017015415608705887
2034,F,63,0.017015415608705887
2034,F,64,0.017015415608705887
2034,F,65,0.0248104172811972
2034,F,66,0.0248104172811972
2034,F,67,0.0248104172811972
2034,F,68,0.0248104172811972
2034,F,69,0.0248104172811972
2034,F,70,0.035422034336209524
2034,F,71,0.035422034336209524
2034,F,72,0.035422034336209524
2034,F,73,0.035422034336209524
2034,F,74,0.035422034336209524
2034,F,75,0.05222998341716349
2034,F,76,0.05222998341716349
2034,F,77,0.05222998341716349
2034,F,78,0.05222998341716349
2034,F,79,0.05222998341716349
2034,F,80,0.07257443284896009
2034,F,81,0.07257443284896009
2034,F,82,0.07257443284896009
2034,F,83,0.07257443284896009
2034,F,84,0.07257443284896009
2034,F,85,0.10695791246408985
2034,F,86,0.10695791246408985
2034,F,87,0.10695791246408985
2034,F,88,0.10695791246408985
2034,F,89,0.10695791246408985
2034,F,90,0.15552884314067958
2034,F,91,0.15552884314067958
2034,F,92,0.15552884314067958
2034,F,93,0.15552884314067958
2034,F,94,0.15552884314067958
2034,F,95,0.22416160431172946
2034,F,96,0.22416160431172946
2034,F,97,0.22416160431172946
2034,F,98,0.22416160431172946
2034,F,99,0.22416160431172946
2034,F,100,0.22416160431172946
2034,M,0,0.021354952529793855
2034,M,1,0.0019785990937463242
2034,M,2,0.0019785990937463242
2034,M,3,0.0019785990937463242
2034,M,4,0.0019785990937463242
2034,M,5,5.000465958415461e-4
2034,M,6,5.000465958415461e-4
2034,M,7,5.000465958415461e-4
2034,M,8,5.000465958415461e-4
2034,M,9,5.000465958415461e-4
2034,M,10,5.509742350795013e-4
2034,M,11,5.509742350795013e-4
2034,M,12,5.509742350795013e-4
2034,M,13,5.509742350795013e-4
2034,M,14,5.509742350795013e-4
2034,M,15,0.0013155149788793335
2034,M,16,0.0013155149788793335
2034,M,17,0.0013155149788793335
2034,M,18,0.0013155149788793335
2034,M,19,0.0013155149788793335
2034,M,20,0.002553479492390687
2034,M,21,0.002553479492390687
2034,M,22,0.002553479492390687
2034,M,23,0.002553479492390687
2034,M,24,0.002553479492390687
2034,M,25,0.003874573611182478
2034,M,26,0.003874573611182478
2034,M,27,0.003874573611182478
2034,M,28,0.003874573611182478
2034,M,29,0.003874573611182478
2034,M,30,0.005188973216518756
2034,M,31,0.005188973216518756
2034,M,32,0.005188973216518756
2034,M,33,0.005188973216518756
2034,M,34,0.005188973216518756
2034,M,35,0.006742763514938521
2034,M,36,0.006742763514938521
2034,M,37,0.006742763514938521
2034,M,38,0.006742763514938521
2034,M,39,0.006742763514938521
2034,M,40,0.008838822244067856
2034,M,41,0.008838822244067856
2034,M,42,0.008838822244067856
2034,M,43,0.008838822244067856
2034,M,44,0.008838822244067856
2034,M,45,0.012025832665253186
2034,M,46,0.012025832665253186
2034,M,47,0.012025832665253186
2034,M,48,0.012025832665253186
2034,M,49,0.012025832665253186
2034,M,50,0.016461118045758207
2034,M,51,0.016461118045758207
2034,M,52,0.016461118045758207
2034,M,53,0.016461118045758207
2034,M,54,0.016461118045758207
2034,M,55,0.022606106591766456
2034,M,56,0.022606106591766456
2034,M,57,0.022606106591766456
2034,M,58,0.022606106591766456
2034,M,59,0.022606106591766456
2034,M,60,0.03066653756146077
2034,M,61,0.03066653756146077
2034,M,62,0.03066653756146077
2034,M,63,0.03066653756146077
2034,M,64,0.03066653756146077
2034,M,65,0.042212494463209335
2034,M,66,0.042212494463209335
2034,M,67,0.042212494463209335
2034,M,68,0.042212494463209335
2034,M,69,0.042212494463209335
2034,M,70,0.0553951051903178
2034,M,71,0.0553951051903178
2034,M,72,0.0553951051903178
2034,M,73,0.0553951051903178
2034,M,74,0.0553951051903178
2034,M,75,0.07475215871820606
2034,M,76,0.07475215871820606
2034,M,77,0.07475215871820606
2034,M,78,0.07475215871820606
2034,M,79,0.07475215871820606
2034,M,80,0.09314404482755433
2034,M,81,0.09314404482755433
2034,M,82,0.09314404482755433
2034,M,83,0.09314404482755433
2034,M,84,0.09314404482755433
2034,M,85,0.12716038883448313
2034,M,86,0.12716038883448313
2034,M,87,0.12716038883448313
2034,M,88,0.12716038883448313
2034,M,89,0.12716038883448313
2034,M,90,0.16831584195010152
2034,M,91,0.16831584195010152
2034,M,92,0.16831584195010152
2034,M,93,0.16831584195010152
2034,M,94,0.16831584195010152
2034,M,95,0.2222033331662498
2034,M,96,0.2222033331662498
2034,M,97,0.2222033331662498
2034,M,98,0.2222033331662498
2034,M,99,0.2222033331662498
2034,M,100,0.2222033331662498
2035,F,0,0.015720888139061723
2035,F,1,0.0014501326492816667
2035,F,2,0.0014501326492816667
2035,F,3,0.0014501326492816667
2035,F,4,0.0014501326492816667
2035,F,5,3.181228713117888e-4
2035,F,6,3.181228713117888e-4
2035,F,7,3.181228713117888e-4
2035,F,8,3.181228713117888e-4
2035,F,9,3.181228713117888e-4
2035,F,10,3.603404181782091e-4
2035,F,11,3.603404181782091e-4
2035,F,12,3.603404181782091e-4
2035,F,13,3.603404181782091e-4
2035,F,14,3.603404181782091e-4
2035,F,15,8.064216066001993e-4
2035,F,16,8.064216066001993e-4
2035,F,17,8.064216066001993e-4
2035,F,18,8.064216066001993e-4
2035,F,19,8.064216066001993e-4
2035,F,20,0.0013809344965631015
2035,F,21,0.0013809344965631015
2035,F,22,0.0013809344965631015
2035,F,23,0.0013809344965631015
2035,F,24,0.0013809344965631015
2035,F,25,0.0023235551534148483
2035,F,26,0.0023235551534148483
2035,F,27,0.0023235551534148483
2035,F,28,0.0023235551534148483
2035,F,29,0.0023235551534148483
2035,F,30,0.0033711364414904634
2035,F,31,0.0033711364414904634
2035,F,32,0.0033711364414904634
2035,F,33,0.0033711364414904634
2035,F,34,0.0033711364414904634
2035,F,35,0.004451581927293955
2035,F,36,0.004451581927293955
2035,F,37,0.004451581927293955
2035,F,38,0.004451581927293955
2035,F,39,0.004451581927293955
2035,F,40,0.005773546457080526
2035,F,41,0.005773546457080526
2035,F,42,0.005773546457080526
2035,F,43,0.005773546457080526
2035,F,44,0.005773546457080526
2035,F,45,0.0070735085914741995
2035,F,46,0.0070735085914741995
2035,F,47,0.0070735085914741995
2035,F,48,0.0070735085914741995
2035,F,49,0.0070735085914741995
2035,F,50,0.009011477730513084
2035,F,51,0.009011477730513084
2035,F,52,0.009011477730513084
2035,F,53,0.009011477730513084
2035,F,54,0.009011477730513084
2035,F,55,0.012404991490776274
2035,F,56,0.012404991490776274
2035,F,57,0.012404991490776274
2035,F,58,0.012404991490776274
2035,F,59,0.012404991490776274
2035,F,60,0.016926086374434053
2035,F,61,0.016926086374434053
2035,F,62,0.016926086374434053
2035,F,63,0.016926086374434053
2035,F,64,0.016926086374434053
2035,F,65,0.02470359153608455
2035,F,66,0.02470359153608455
2035,F,67,0.02470359153608455
2035,F,68,0.02470359153608455
2035,F,69,0.02470359153608455
2035,F,70,0.035296470833724544
2035,F,71,0.035296470833724544
2035,F,72,0.035296470833724544
2035,F,73,0.035296470833724544
2035,F,74,0.035296470833724544
2035,F,75,0.05208169884670414
2035,F,76,0.05208169884670414
2035,F,77,0.05208169884670414
2035,F,78,0.05208169884670414
2035,F,79,0.05208169884670414
2035,F,80,0.07241883457982128
2035,F,81,0.07241883457982128
2035,F,82,0.07241883457982128
2035,F,83,0.07241883457982128
2035,F,84,0.07241883457982128
2035,F,85,0.10680020549667628
2035,F,86,0.10680020549667628
2035,F,87,0.10680020549667628
2035,F,88,0.10680020549667628
2035,F,89,0.10680020549667628
2035,F,90,0.15539593474814326
2035,F,91,0.15539593474814326
2035,F,92,0.15539593474814326
2035,F,93,0.15539593474814326
2035,F,94,0.15539593474814326
2035,F,95,0.22412641897798502
2035,F,96,0.22412641897798502
2035,F,97,0.22412641897798502
2035,F,98,0.22412641897798502
2035,F,99,0.22412641897798502
2035,F,100,0.22412641897798502
2035,M,0,0.020994878144850404
2035,M,1,0.0019450972202722434
2035,M,2,0.0019450972202722434
2035,M,3,0.0019450972202722434
2035,M,4,0.0019450972202722434
2035,M,5,4.916878974881578e-4
2035,M,6,4.916878974881578e-4
2035,M,7,4.916878974881578e-4
2035,M,8,4.916878974881578e-4
2035,M,9,4.916878974881578e-4
2035,M,10,5.419335672541719e-4
2035,M,11,5.419335672541719e-4
2035,M,12,5.419335672541719e-4
2035,M,13,5.419335672541719e-4
2035,M,14,5.419335672541719e-4
2035,M,15,0.001294379524538167
2035,M,16,0.001294379524538167
2035,M,17,0.001294379524538167
2035,M,18,0.001294379524538167
2035,M,19,0.001294379524538167
2035,M,20,0.002513797969948421
2035,M,21,0.002513797969948421
2035,M,22,0.002513797969948421
2035,M,23,0.002513797969948421
2035,M,24,0.002513797969948421
2035,M,25,0.0038178247001126034
2035,M,26,0.0038178247001126034
2035,M,27,0.0038178247001126034
2035,M,28,0.0038178247001126034
2035,M,29,0.0038178247001126034
2035,M,30,0.005119895683782644
2035,M,31,0.005119895683782644
2035,M,32,0.005119895683782644
2035,M,33,0.005119895683782644
2035,M,34,0.005119895683782644
2035,M,35,0.006664357057987574
2035,M,36,0.006664357057987574
2035,M,37,0.006664357057987574
2035,M,38,0.006664357057987574
2035,M,39,0.006664357057987574
2035,M,40,0.008752249478991602
2035,M,41,0.008752249478991602
2035,M,42,0.008752249478991602
2035,M,43,0.008752249478991602
2035,M,44,0.008752249478991602
2035,M,45,0.01192917181719726
2035,M,46,0.01192917181719726
2035,M,47,0.01192917181719726
2035,M,48,0.01192917181719726
2035,M,49,0.01192917181719726
2035,M,50,0.016353732088027696
2035,M,51,0.016353732088027696
2035,M,52,0.016353732088027696
2035,M,53,0.016353732088027696
2035,M,54,0.016353732088027696
2035,M,55,0.02248546089455899
2035,M,56,0.02248546089455899
2035,M,57,0.02248546089455899
2035,M,58,0.02248546089455899
2035,M,59,0.02248546089455899
2035,M,60,0.030529510684265015
2035,M,61,0.030529510684265015
2035,M,62,0.030529510684265015
2035,M,63,0.030529510684265015
2035,M,64,0.030529510684265015
2035,M,65,0.042050349277064844
2035,M,66,0.042050349277064844
2035,M,67,0.042050349277064844
2035,M,68,0.042050349277064844
2035,M,69,0.042050349277064844
2035,M,70,0.055210445735589087
2035,M,71,0.055210445735589087
2035,M,72,0.055210445735589087
2035,M,73,0.055210445735589087
2035,M,74,0.055210445735589087
2035,M,75,0.07453802385323284
2035,M,76,0.07453802385323284
2035,M,77,0.07453802385323284
2035,M,78,0.07453802385323284
2035,M,79,0.07453802385323284
2035,M,80,0.09292041041325191
2035,M,81,0.09292041041325191
2035,M,82,0.09292041041325191
2035,M,83,0.09292041041325191
2035,M,84,0.09292041041325191
2035,M,85,0.1269117628068553
2035,M,86,0.1269117628068553
2035,M,87,0.1269117628068553
2035,M,88,0.1269117628068553
2035,M,89,0.1269117628068553
2035,M,90,0.16805586162972344
2035,M,91,0.16805586162972344
2035,M,92,0.16805586162972344
2035,M,93,0.16805586162972344
2035,M,94,0.16805586162972344
2035,M,95,0.2219626329854678
2035,M,96,0.2219626329854678
2035,M,97,0.2219626329854678
2035,M,98,0.2219626329854678
2035,M,99,0.2219626329854678
2035,M,100,0.2219626329854678
